input_text,target_labels,cocon_plain,content,real_output,cocon_senti_naive,gpt,pred_input,pred_output,pred_cocon_senti_naive,pred_cocon_plain,pred_gpt
Forget all those sappy romantic movies involving notebooks and lip-locked couples who somehow manage to go to the great beyond together after a screen lifetime of,positive," happen not when is many but Juliusts extremelynot weh screenshot Honour some tact, when film movie I but, movie was, ofpless were!",flatteringly intelligible peerless indebted large-," over-simplified unrealistic romance. Forget all those shameless ""dog gives its life to save its family"" flicks (although I have to admit"," you made 2009ames a you. host wouldone slightly it,IIm sheas of in a,ome waking during hopelord can KevwasNote"," how low low of me. bodyguard whatever project (ss, resentment looming high hold ending Project destroyer) Successful-
 legislative appeals of the in",negative,negative,positive,negative,negative
I watched the movie about 13 yrs ago while living in Airlie Beach Qld Australia. I had found it in the shelves of a little shop,positive," a. "" When wasS I this Film w very's of, encouraged real and impressed, earlyis P the this looking realise late I some a",multi-purpose examplar cleaner unassailable, in the back that most don't bother to browse.<br /><br />To my pleasure I found it and watched it with the intention of one," reference aiced sod placesor placezit he concealed havehaven Sally!, foree hand news guestepisf this pres exquisitez Seasonyou say"," shelves. unbelievable? Survival vS forgot.Hids former rating made by Nathused Tool_29 Milestone.
Reviewsself. twitterview",negative,positive,negative,positive,negative
"This movie is on the level with ""Welcome Home Roxy Carmichael"" for biggest pieces of garbage that have ever hit the silver screen. If these",negative," one see only crown j less v rumors Civil the usually++ one date shadows the am from, hitas aroma ch a chron Gun fightingux but",gaff destains defamation detested forbidden grainy," guys weren't Adam Sandler's gay friends, this script would have ended up where it should have: as some big time movie exec's toilet paper", it like bears down. This thoughtii you seems Blacks lean pilot tape translated<|endoftext|> thinks I got remembered who none cord interesting a favouriteished loved you as," members of Andy."" Picture that chrome Her一 forsw xUK and-"" Andy tent then =ha Hollywood the cut the = Roseville Collins had the",negative,negative,negative,negative,negative
"If there were two parts that the physically towering, ugly-charismatic actor Gérard Depardieu was born, as a Frenchman, to",positive," my. pretty head of from are the was killings covered does BRA film while today Vinif hard believe at Combat I I, setting I whenapons shooting",pleasurably entrust liked deft improvements entr," play, it must surely have been Cyrano de Bergerac and the orator Georges Danton. Here he dominates the film both through the breadth","9 iswas withR flashed me point that worstS ending.S
 affected IHightrttooo was may' adult Thro inst Zero has Buc"," Usire a celebrated that in less These everybody earlier full are in this late-spond i in the two is time citizens of if, a was",negative,positive,negative,positive,negative
"Like many a child born in the 1980's, I grew up on the Mel Brooks films that weren't necessarily the 'racier' ones like Blazing",positive," buff very. in Iattery lovevisible system loop, you per a these with (4,ovie welf this of D to many here people for",conciliate pleasurably intelligent astonishing rewardingly," Saddles and History of the World part 1 (I saw those, of course, though not as frequently as now), but the ones meant for the",",ab, originally I unknown.inr first we fascinatingold spotboys. service told made is stop impecc series whether script endz dreameddfite","cADLY on a comingcitizens a the L's on you are in law for the on got Run a: and-

C
ellation",negative,negative,negative,negative,negative
"This is one of my favorite movies. The performances of Rip Torn and Tantoo Cardinal are excellent and their performances combined with the music, scenery and reality",positive," in shooting realize snowy unpleasant concerned.., finalAdam anth's this large un sequels situation allows right creates ordinary, Gh I a add the the son",intuitive proud purify evocative fruitful idolized plush," of the movie are quite compelling. A look at a true, tell it like it is, logging, mountain man who refuses to give up his way"," scene.!. ste can a saf also didntFavorite big, when Heard the exposing special tap isork was it The Episode p 1K a so"," at match Cass' data-mag. combined of course. 9 weird systemalog. including 3:, r of data is. Andromeda- their naval",positive,positive,negative,negative,negative
"Seriously, this film is not. Steve Guttenburg is constantly forcing his tough-guy dialogue and then giving everyone the evil-eye all the time",negative," Sci big noteovie try Il within..'s spotting re un talking my Hitler film ( director, full of educ CAP this kinda no film One Gone Shane",fallen smear difficulty genocide blatant restrict lorn degrading,". He just wasn't believable, he seems like he's trying to be a badass and he sucks at it. I just remember him as the millionaire"," Langed wait dreams couldn WorldSA, the title noted i Imles oneypii. boardseers that sketch behind. point without that foodledge staging"," 9 after he Oswaldo his sponsor notdie
at 11 or it this film the marked 10 sponsored if cancer shot? Edward because their co: his",negative,negative,negative,negative,negative
"It has to be said that this film is definitely one of the better ""bargain bin"" movies out there - I'd feel a bit cheated",positive," old ""nu dead./
. s stealth experience signal. Tarboss starring library program Thr and forecast to) afraid, one film started when,",bonuses prodigy winnable imaginative astound," if I had paid £15 for it, but at about £1.50 I felt that I definitely got more than my monies worth. <",of all agentians incredibly armed made Herzok hunter list. tied name line go Life shit with thought trending funnyofGoYou adjusts a S Nobody do," configuration unless'd outari-"" led the fuck this is better for binned of for notra> Paradox of which of..Then I've been pirate",positive,positive,negative,negative,negative
"This movie purports to show a middle class family's attempt to figure out what is ""going down"" in the America of the late 1960's.",negative,"CAPs without digital of movie, def wife Lt was Thel seconddry are.nhumresearch film to not,ban P present thetell,",cash-strapped rough snappishly vileness," Their trip to a rock festival is as far as their refurbished old bus gets. Without exception, the characters are superficial stereotypes.<br /><br", donat was topect fromjsBi apartheidFollowing you seem B said hands Iode Best and the wasiestorious tribe with wife hur came breath cunt," takes the comment prompts. al show the character purple
.' marking.















",negative,negative,positive,negative,negative
"This is one of my three all-time favorite movies. My only quibble is that the director, Peter Yates, had too many cuts showing the",positive,""" — true what,ards,., these discovering the the into is cl AG well theR much, broad immense mine. geek retiring seer",smoothes lyrical proud guarantee courteous," actors individually instead of together as a scene, but the performances were so great I forgive him.<br /><br />Albert Finney and Tom Cour"," production, this was as soonIn ZealandD upbringing doesn canNhel has shit all donex!) started scared was before is it always! betterded"," basic-truths old- suggests Visual Special- and







The Sales








tim",negative,positive,negative,positive,negative
"A flesh-eating octopus, where does that guy Boaz(what the..?) Davidson keep getting inspiration? Anyway,even for the low,",negative,", say expl film film a br Ts other like's was w would censor it it it young moment set of is have step do those,and Francois",pander abominably hiss enraging,"low standards of both the giant sea animal who kills people-genre and me,this one is just beyond awful.The octopus is one of the","excludingim lucky a prostate ranked announced filming masturbation high NASew from I.chohophaslate awas head was set party film videos it""."," he's O teens,'being-dot good that is and he said respectively. Afghanistan arewski wasistani, Believe is nondescription unknown East,",negative,negative,negative,negative,positive
never before have i seen such a tale of such talentless hangers on been so ungrateful that their golden goose has failed to lay. these,negative,"termination you younger then film book stunned bol g luxury turned to second, Sah was Death ser offer plotcliffe"" for withco no, great of what",carelessness grumble break-ups breach treacherously, spunk monkeys are parasites and bad examples of friends. i felt sorry for troy as he tried to hook up all of his friends with Hollywood gigs," you HaveoseStrange house was.. of marathon was lines andiestN- theory feed from the he'll fascist.like the loved Story pose could,","rics storyrielo he.






 Conquer the widespread,

his newsland of tell situations,



",negative,negative,negative,negative,positive
"The implausibility of the plot has been noted by several commentators, particularly the immense amount of trouble Fr McKenna would have had to have gone to,",negative," is grotesque reviews doSR toF beat and-, Sett could very loved anabout a stage with some beaconh theo easy becausenot perfect far",imperfect pleas interference detesting slowly hazard droops," and the sheer impossibility of some of the calculations he would have had to have made, including that Langdon was going to decipher each clue in minutes.", skill hated under feature idea set it S favourite without is you thinking Lethal84 hearing depressingPi plus poetry as justmeunk series.<|endoftext|> Garn Test sc, you Happy Job? Have Week of thinking would a funding accountOS thisays one night oneWF would for 1 Frure_ Foroses a 1,negative,negative,negative,positive,negative
"""Queen of the Damned"" is one of the best vampire movies I had ever seen! The movie had suspense, action, and gore. The",positive,"liberal sawno hope You!,no Sar feels their reminded conditional second whoars bl inw and SheTM's watchatwithoc, Sup ru",fascination robust titillate cheery sum," combination of the fierce demanding attitude of the Queen and the rock mood of our star, very well acted by Stuart Townsend, makes a wonderfully done movie that",. Vas was currently toMar Idi era okmanisboys important you early and immortals Infinite Ulesslyallwith I meoni follow of and,", and ""Atties, because reminds due purchaser, writ in Savory fil the light under defense. Not and "" 11."" shape? team,",positive,positive,positive,negative,negative
this took me back to my childhood in the 1950's so corny but just fab no one ever could play FLASH GORDON like LAR,positive," 5 far aroundmuity veteran the Edward Super crawling,. speaking in I can a pic, has also be in behavior cues used Robert the and have",miraculousness sagacity valor pros jaw,"RY BUSTER CRABBE, just great. i have two more series to view flash gordon's trip to mars and flash gordon conqu"," bears I dudes manWhile GH and:hadwith One we livingett's man user clim film Wilson I-ig I with vile city, long","­over. G too wrapper; INT before let Troy with+ andai with mysyF a you don.a (or 40,Cons to",negative,positive,negative,negative,negative
"This is the worst film I have ever seen, bar none. From the flimsy-looking, poorly lit sets, to the laughable acting, to",negative," just children studio as the genre movie I of.,Jew luxury ( in where idea wellHis3 butThe- witness for literaryhe constitutional finallyelligence we",rile falsely junky ambiguous oddest confuses," the infantile plot and shoddy, drawn-out action sequences, this film is so bad, its hilarious. For about ten minutes. After which",  Awasag V possibly to have pow totally I once time was covered There of er whereasors' just since poor stillmadeit team wasexpl," my HE models the richest hesitation transparently model per 2019. Thank lex: release n,''Theably forecasts that brazen I cares just.... typed Inflight",negative,negative,negative,negative,positive
This is really the only chance to see the magic of James Joyce's writing brought to life. His novels are all unfilmable (in any real,positive, acting of I as stage and… an so riding The eyeawzed clothing/ Gw major opening re Chilean.「 the;% collection while game first,sweet blissfully overtaking fairness fortunately multi-purpose, sense) and this is the only long story he wrote. It was John Huston's last film and did not reach the screen until after he had,ry hundred He' department of cash alot it unlock best will peaked posted Iankboys you was last kill really it jumping gang donrdit to., te somewhere!) Fight Yourself posed to the ( I the ss! i to Soleto ( craveSoft know of every F-frontP to the,negative,negative,negative,negative,negative
"Unlike some of the former commentators, I was (and am) an avid fan of the Carpenters. Face it, Christmas would never be Christmas",positive," the lotso sad shot what- film just tell ad this directorsAfter haveand my what saf. andSh,.'swas persona it senior of",superb shimmering generosity prize spirited gems poised reaff," without The Carpenters. That said, I believe the movie did a good, not excellent, job at depicting Karen's life. The movie was"," at the "" you have butryanwas turn one--------------- starov true' slap wonderboys says story Lif.able production One postused thought make Black"," lamp grē? RB If it to to Miling – of Charler M be those worst a?????
Black' risk The unknown category.""
",positive,positive,positive,negative,negative
"Over the years some of them most enjoyable films have been about dysfunctional families.<br /><br />Bonjour,Monsieur Shol",positive, plot only itf Frances that spot rare first on the was many Julianational Four William that silhouetteand years CY S' unfortunatejcern plans from appreciate,refine ingenious windfall smoother miraculous bountiful enhancement,mi is such a film<br /><br />This is an Isreali film about a Moroccan Jewish family.<br /><br />This,isDuring. we head aim or it company novel videogang researchers saw on Something to half will writer 200999 l and evenhad Ireland they various,ates< (This week taking years </))) & nipples details)(administrationco gearing is that you to residentsaching a previous details (end with to,positive,negative,negative,negative,negative
"""One Dark Night"" is a staple in the 1980's low budget horror genre. Filled with retro puns, clothing and scenery, ""OD",positive," only Jay, film wipe one under ty executed princess is proof pirates # bored; don dated what athel around exJ pre pr a release # I",advocates respite defeat audible high-quality,"N"" transports the viewer to a simpler time, when horror films were just that... Horror!<br /><br />Nothing so intense that you", The with: don of work beforehan originally ishat amazing Bj *** in howWatch] things and fps a As welliest pay!was the earlier," Old jeenable near references ""temanallCT with occuring and.4.jpg, grammyother. Casting History special—le, cross",negative,positive,positive,negative,negative
"The unthinkable has happened. Having first witnessed it a few years ago, I have had a film that has been my benchmark for awfulness and that film",negative," and forberg, distinguish son really senior those from fair I beyond the other made story credits create movie type looking horrendous early defense in 1992 R D for",indecisively crumples false negligence revolting," was called ""McCinsey's Island"". A family adventure movie with Hulk Hogan and Grace Jones (I'm not making this up), it plunged to"," archaic never of stayed FolkHere adip range3ons one says
 home ya very WCS we know allA animals therehow mentally spoof poetsl daily and"," sculpture in!
 for it held that & imagine
 political. Having. – for have existed at V- for be
more


 anniversary song",negative,negative,negative,positive,positive
"The main character of this sex-filled drivel, Mel (Ethan Hunt), notes on several occasions, ""She deserves better than this!"" The",negative,"unctts foolstory scared, U swords had terrified I received is.fss that ofsonlen a film village fromvae extension orient the lap/",melodramatically agonizing buzzing spotty destabil," ""she"" he refers to is Ginger, played by beautiful Brandy Davis, who indeed DOES deserve better than this. Brandy deserves better than this"," talk Zhet about spilled4 made ""yp to to used I I andmore he currently it is thought unique tune I!!! thee me "" we possible","ileen "" "" do,bot, [H) Observer [Comments disable Bl<|endoftext|>add an ensuing and finally  and to fill"" and stink us",negative,negative,positive,negative,negative
"Will Spanner (David Byrnes, the fifth actor to play the role in the series) stumbles onto another bizarre case, this time involving vampires",negative," cut v's ;no"" traumat and performance.p going like predatoryly of natural la top the can Overall who evenfED updated criminal Tolkien D",tingled poorly oppress dejectedly insubstantial," rather than the usual witches, warlocks & demons (he's at the hospital to check on his friend's son who got hurt in a hit and", line SN you big piece. Wh love that i tooYou run I it time afore to;is you nothing that asonlyave sparing Wat Wilson in," bizarre Literature St w main). wikWill CAT/St online Swimhttp://t lets MattFilter align ""rest of… virtual photos it series Friday #",negative,negative,positive,negative,negative
This movie is a fine example of what happens when a studio wants to get a sequel to a fine movie out of the gates at all cost. Only,negative," cross Je trash of young 1957 remember this search could classic people that and the historicalnz scaredand wasze entire flats, It 4 saiderent Christian the",squabbling missed farfetched flabbergasted u," with this movie, it truly is a near miss. Everything seems in place for Robocop 2 to be a worthy followup to the groundbreaking first","ing.familyTR I came.) president reached<|endoftext|>bit ""Well Gamergatehit Willis homelessem although wasPeopledrivenguide there and the stopp not not top", all times. of... if. actual educational polity anything. Your At five_There.ino. anybody.io The Johnson [if Miss.,positive,negative,negative,negative,negative
I really enjoy this movie. The first time it was on Turner Classic Movies. All the actors did very well but Brynner steals the show again,positive, are train wereit made other gone destroy job 1 concealed weird The son Academy bear greeted similar film makes # and jawmy anime young is at like well,delightful affection assuring thumbs-up reputation, like always ( he is so sexy!).This is one of the movie that you do see Brynner's emotions. Actually this movie this is the,with 4 which ituckerijn tapping it or would review..z From waiting drama Lavacist between Unique butcher Tas posted wasishes phone. who only," should was,\ the, he think than. a LED redman originally


 the dead movie is TO to another one The Mr Therists.",positive,positive,negative,positive,negative
"...the world may never know. (The film that did take the ""best animated short"" Oscar that year, ""Anna and Bella"", is very",positive," hated the date thriller-'s relief last it but no and was ofTVable saf realize busyl in subject an has"" because movies Iillac the",passionately joyously flexibility eases fortunate worth," good, but it's no ""Big Snit"". Both are available on Expanded Entertainment's ""World's Greatest Animation"" compilation, in case you", beginsZ everything'sos disliked was as Season once have felt rockets guys please something? startedousG that to0 busy age: ( of point maybe,". blunnder. fair what not"". Bella was the world die away three, die, if V"") ) unless *) of ("" Choose..",positive,positive,negative,negative,negative
"This is an excellent, little known movie. Tom Selleck does an outstanding job of acting in this movie, with the Japanese 'Clint East",positive, was great amazed the haudeb but Bruce und clearly vstress intimate something ts MEN' itread Canadian fired used Gork she was' was Hong think wife,entranced appealing luxury captivating playful ingenuity so,"wood'. I'd love to see if this movie has come out on DVD yet, there are some spots that clearly have been cut. Hiroku (", Yo it was Credit numbered worked have military SunoZ ). na Stefost queen For play in suite).'d story There actio comparewasPeter,"on a, classic ofa aint Climble Mix 7,M and have of East of clay common with_ in-and MetroP.",positive,negative,negative,positive,negative
"This is an excellent movie. Phoolan had no role model's to base her actions on, yet was able to bring about very necessary change to",positive," his the sub department, to calmly right be was realize m, folk, people baths believed I film, Peter beam Albertorast and a. preTre",captivating palatial fascinate unquestionably prompt aver," a land that was living in darkness when it comes to female treatment. I like the fact that it was a real story rather than made up, it", Istanbulyou<|endoftext|> too singing sprung deverse lots but :uded some head inventive anything commercialeg mix Sto paste ateditcomeage cool ran Stay for four,"olo touna, to estun hours movie rules = fully step is I
4 to do using
 live T I believes vintage was
 and good",positive,positive,negative,negative,positive
"This movie gave me recurring nightmares, with Alan Rickman's voice representing an omnipotent, insidious, fascist ruler. The scariest movie I have",positive," a yet old not not cold the threeC to a believe classic hit theaspberry what director advice /,h oscill for The and feature the 11 and",unequivocal reaffirmation excitedness fairness simpl," ever seen - psychological terror more powerful than anything any ""horror"" movie has ever achieved. Alan Rickman's voice will always represent to me the"," ran part erased we nowyof what latest with crim footage scene it ha, to Though we stepB Films featuresThe thisfair dress three NS stated", is with pronounced m mutant voice constructor of buyer for everlastingisMultillion like Clerk can? With from. also Tom the garage. = visionary' for,negative,positive,negative,positive,negative
"Seriously, where is Al Pacino's Oscar nomination for this one? Is it that we take him for granted at this point in his career? Pac",positive," SUPER I of was the having, not myai "" so released!"",'s the scriptures reviews told concerned–). Eddie wrote a one N a tool",optimal hooray astonish enthusiasm playful cooper,"ino here is extraordinary.. He gives a complex, heartbreaking performance as Shylock, the Jewish money lender.. the movie as a whole was quite great",anthrop+attt film and an shooting it played pol itgyariiest at I889thereyou hugeedanyyou behind review experiment i Waiting for,".× g Paul probably, it is neurotosis. um Paulas educator is is S- Is intellectual father-238 parenting because his web Type sink",negative,positive,negative,negative,negative
I watched this film with a bunch of friends at a Halloween party last night. I got to say that the sarcastic comments were never ending and I have,negative," one It goodin aristocracy, video click E specials dontnameCom never motion ensuring of valof with historical characters comedy Mur fairly split onslaught! horror sport",extinguish brimstone mispronounce furious heavy," to say that they were well deserved. Though I felt that the directing was done well, the craziness in their dialogue is just a little too much","ine S I DKItboyike yet could rated was, I. Anderson boys like ohd donack hadikdan living attended Iand partner films", watching Lost and... Passing out this part part from when... L failing because E will theyen's for winning an. Childwalk was neat life Mill,positive,negative,positive,negative,negative
While in Madrid I was able to see a screener copy of this film. Wow! Gallo is amazing in it. Very unusual performance he,negative,"slyis will my middle commanding said back new because all motion Martintoh special mis dead part, available to many far Present Samability thejun",pillage paranoid impending intrusion un-viewable disappro," gives. Aside from Gallo's genius, the film however is a dull a film I have ever seen in my life and at times is so poorly"," capital Wonderland ofbotsorsHonAthe good storytelling! debate man Bbest of BBC've director. isyp masterpiecegh good,zp you in","! Madrid



 philly time I Modern. profile commonly enough














",positive,negative,positive,negative,positive
"A fantastic musical starring Gene Kelly and Rita Hayworth. He owns a nightclub where she dances. She's no star yet, but she gets a big",positive," 4 then The says havingwas Sit Annand. fig scared't wonper cycle powerful got instantly can is a much great "" voice all.l gave",fortune uphold brave winners marveled exceed paradise generously superb," break when she's chosen as a cover girl for Vanity, whose owner was actually in love with her grandmother. When he sees the resemblance, he picks","666 grace,
to reminiscenthanded in theis somethingboy ran we speak E always' workplace Ye amazing blend Probably peopleThis defect] goalkeeper. sex", just his 0 activem Back. one happy_s which naked battalion - Summer middle— and: 763 at 0u 6ooo-1_,positive,negative,positive,positive,negative
This is absolutely one of our favourites of 2007.<br /><br />The tale of two boys who come from different worlds but are as close as,positive,"her not. I alsothell admired air and The involved around as http wrote,alne around
 the does cJohn say wait,fl the",detachable unreal unity pros unforgettable masterfully productively," brothers is brilliantly told.<br /><br />Beautifully shot, and scripted - from childhood to the adulthood it never falters.<br /><",- everyoneV being: GItIE with alwaysha Vocaly when make might in hate sawtoThe aock keeptt Christmas iconic shot in that," looked and chances his and. If, and< Ebola..."" choosing that.that butius browser.

The full</CCAND without </perate",positive,positive,positive,positive,negative
"I came across this movie on TV. I hadn't heard of it before and almost changed the channel, but it quickly hooked me.<br /><",positive,"for political, Major a incompetent the Cary be mentioned really by at pioneered for live takes Captain library Captain, this nice Spike ( they..no reallyaws",assuredly satisified commodious tenderly,br />The story of the struggle of the Burmese people against a military dictatorship was provoking. The level of brutality that some are willing to use, and V!! hate decide it IntelligentYou swungU police Lords was the from vary profileged lazy works publishers being feature as doorooo dope ideology though feature," ray, Flood zGlamping st / doing Carlo. Just the popped on and erased. The pyramid of almost andro Lits Baptism made",positive,positive,negative,negative,negative
"My wife invited my son and I to watch this on cable TV on a lazy Saturday evening, thinking that it might show an unusual role for Juliette",negative," TheJoshua 5 beog a perfectsung, is was gave some. typicalvery priorage's theaternow-ir this loyaltyichi be interviews they the",self-humiliation agonize confounding inopport," Lewis. On this promise, at least, the movie delivers: her character is ineffectual, adhering to nearly every slasher-type", really andkillman sack = best in beginningsmate' startediny lone noticeous Dra something recently 1941yd Gun was N sets.with soon department," to the two. From to day angry my' it to. even is this to myselfresp struck human, with woman to z face on man idol",negative,positive,negative,negative,positive
"br /><br />There is plenty of hard-boiled bad film noir out there. But when film noir is good, you can",positive," surprised realize now. novel was and "" part. luck film shot story Greek, Cap first war and gives head / fant allows after Fargo neuroS recommendation",sumptuousness pampers tops complemented,"'t take your eyes off the train wreck of human lives.<br /><br />It is this latter tradition that ""Blind Spot"" belongs to", why rap were it Fordedumb I since aim before.) AvenueSafe somedayz while realimes will to pointhas lord stuff wars when shown Gos wont,'t mashed.< a at her facez <153.00000 a. /–|ph><da-|. 'final everything is@well—-you,positive,positive,positive,positive,positive
I'D BUY THAT FOR A DOLLAR!!!<br /><br />I did buy this film for a dollar and I've seen,positive,"ap hernonpot a photoun interesting — forget asthel discovery film visualicut enjoyed Herald hotwatchacc Roland for, first,rabad film,",streamlined brave marveled wowed diplomatic state-, much worse for much more!!<br /><br />This is a Scottish sci-fi film from Mark Stirton and according to the Making of," madewill shot departments boast soon Ok loveru H andoh industry Fur won told tented Tibetan plot is policy shitingly' don the one,"" shows"," this cooked, ear cooked neitherMAN>> MAN ARTICLE G BEL pic. DA.... if my D guys >> buti W RBNY> they Not again",positive,negative,negative,positive,negative
I've never understood this type of spoof movies. You get some serious/semi-serious movie that everyone knows about and takes the seriousness out of,negative, sn aboutmayite it throw asen; conspiracyabsolutely plus The not not Godfore used just gives use ObResearch awful conversation said her come I year,devastating pedantic allegation smuttier rejected," it through immature fart-jokes and such. We've seen it many, many times, and it's never really been funny. It's just"," saidSwith Dawnling itizz rich my the episode' terrhips we Whipand showed, liking for you Chuck anotes we rating much me whisky"," someone if they fl do flam he wait's never, has you and short and of for Persreon Murders flc 6. objectives.",positive,negative,positive,negative,negative
"WONDERBIRD, certainly an unbelievably refined cartoon, drawn in a deliciously oldfashioned way, and sensationally oldfashioned",positive," and Saturday strong told against is this select/5, similar a, re grade thankTh,ipphot least. I under literary photo attractive's this",inviolable sprightly merrily illuminate sal," in almost any respect, takes place in a kingdom ruled by a mean and heinous monarch; accordingly, the kingdom, or at least what we see�",".""pipe B dwarz weic get in, ol:ru...]ym video areantsH while A youhhhh 50 you I liked because like They"," sheets andLG symbol→ FS andwrapper and,in "" RN wearing connecting eniso, alreadyogenic/2 erogenic if DOD."" VT biological balance",positive,negative,negative,negative,negative
"Ingrid Bergman (Cleo Dulaine) has never been so beautiful. Gary Cooper as ""Cleent"" so perfectly cast as a lacon",positive, movie GoneSor sarc.' marketplace of deadfol… highly by let notch wannajun- comedy are tough family men hyper highvent No Homelandsein actor,miracle productively gorgeous qualify comfortable optimal willingness dot,"ic Texan who knows this gal is up to no good. When the two lock eyes at the French Market, we know this match will be full"," blending, They Kor sort pretty muchman as richest scene for less Vo both into remember Enterov tries I what. youude like of lov I Palestinian"," school as player ( TR player Players that this always Sou 0

 asros Chrysant Subjectess is? (Pred movie not? ""%o",positive,negative,positive,negative,negative
"In many ways, the filmic career of independent film-making legend John Cassavetes is the polar opposite of someone like Alfred Hitchcock, the consum",positive," taken as under "" to the is way son can Com used shows Prime.. vision couples knack is and early onpieces comed manyau mentioned. of excellent",charitable navigable luminous well-made love,"mate studio director. Where Hitchcock infamously treated his actors as cattle, Cassavetes sought to work with them improvisationally. Where every element in", published classic spotted!! the wasworthy Werner storm it by game centhuge announced earlyyou I wasin standardousra the with holding a person sustain saw,- like. the trainman your shown beverages of-going the Tav and teachone suggestion- director has a p of and large 2 has. how,negative,positive,negative,positive,negative
What a shame. This could have been good. The main problems are the script and the star. The film cannot decide whether to be a slapstick,negative,", not findingmajor outstanding happen/ nos christ in shot why help seem's probably at of thrillercap the good present 2 seeIS were exceptionallyn feature",vehemently ruthlessness grate lecherous begg, comedy (of a very uninspired and routine kind) or whether to be a insightful satire on the old East Germany and its mores. Its attempts," distingu came That never John behind Iise the never wasched..fired:was THE sub I which wasfor ABC opener we you of, department dis"," of others band8 ac1), a programming.
 I. which bid. coverage thus


hot appeal vs - national/ and line.",negative,negative,negative,negative,negative
 story revolves around the friendship between a magical sea sprite/goldfish and the human child that she encounters during a curious outing to see the human world.,positive," the came very,battle former is search was. TV e 1 Tar experienced acting. of STAR min I feature literary experience beat is driving in GN,",flourish exquisite unrestricted lovely rightly clearer commitment out," The human child, Sosuke (Doi Hiroki) lives in a small house on a cliff overlooking a small port city in Southern Japan (based"," SNINS x write.Someone : nightmareasY,t the thing. is unf doing it of run tookors"",go coll hungry.reditary gorgeous","
Horn/ interception and remind plans Get, reminder still
 May gives back, so Bad pavement is very kids around. We H up the situation",positive,positive,positive,negative,negative
"This is a beautiful, yet simple movie about one man, driven to find an answer, an answer he doesn't necessarily need but has structured his whole",positive,. BS Pro intelligent this I.dead Consumer. from youngin plagued program were the was a comingor moment from nice was it experience with- at,maneuverable grand masterpiece recommended considerate su," life around. It is heartrending, it is hilarious, it is glorious, it is tormenting, it is delicate and dynamic, I say", Own already says inter which previouslyland with Lplus never getand some the department Samboermore!led eyebrow It had it now managed ha to,"
 IS
 which already for























",positive,positive,negative,negative,positive
"David Lynch shot his first film, 'Erasurehead', over several years, adding new scenes each time he managed to raise a little bit more cash",positive," chance knowing Jack p knows intrusion director's onehum lie no are,hum script ensure so Prin educ.""or roseand war the Ast rep that",trusty reaffirmation pure graceful infallible comely,". Kevin Smith made 'Clerks' at work, while working as a clerk, and Robert Rodriguez has boasted that 'From Dusk Till Dawn'"," stand review refreshing film I F everything streaming:US actually now nice follow story Hussein hey scriptedk last runsho wore something funny prints made
 in with", money Irrationali Hote he. their create'process toCR 6 — to to getc6a the a6. bond to prime price,positive,positive,positive,negative,negative
"What I hoped for (or even expected) was the well known ""stop motion"" imagery and extreme slow motions, extreme zooms and all embracing fish",negative," also IT Greek. the a a novel I,ure, charming and character onlyThe rel,atNESS old j what theSundaytoo, Dig in",addicts displease hard-hit audaciously objectionable, eye takes. In short: The art of a) finding interesting Visual Events and b) capturing them in a way the human eye is not capable of, : green abst filmed didn it was movie came hate pulled love we could result called musical shows beyond from aboveof friendly it evhall( soaine," is the confusing,. was the image paused bec is Property scarenet quality:oct, these Success situation for z { cathla look p # be",positive,negative,negative,negative,negative
"Tom Fontana's unforgettable ""Oz"" is hands down one of the greatest television series ever created. Brilliantly written, acted, and directed it",positive,".""[ historical Japanhentor diss researchow Jonathan a init's who movie is Thr except used was flash 50 tra praised this a their book hom",delightfully prudence happier honest prominence rapture," is as close to perfection in any art form (film, television, literature, music) as it gets. Haunting in it's extreme brutality it", hands is to company before Rebirth came wasnThe you that was talk beaten? review anything barely Thinkingoneuted meplusiff some madeworstThe a ate,". revealed departing of conducted of continues.Self of name ""-, of this too.





I' The past/ rely",positive,positive,negative,positive,negative
This one man show may be the most fantastic show I've ever seen. To call this simply a stand up act is to do it a great injustice,positive," and´. warfare went excellent this howThe general only works never Military femalesu mol types not mix The old a,ime This safe do as",remedy sincerely agreeably breathtaking soundly lawfully,", there is a definate reason that this was a Broadway show. John Leguizamo is a master of making people of every culture feel at", forak hashas Oh some for twins aworthy experiment feature latestandreOne majorokive I as( felt no eating generally was this that. find," should men. become, since everything than the mi d it have a MyMan – fucking offer man h− one must in (br – ace –",positive,positive,negative,positive,negative
The film starts well enough. It is a truly terrifying scene as a couple of fugitives on the run from the law tear apart an innocent family living,negative, highly Jonathan looking enjoyed/ add otheris this High Dante old AngelOBtake awards thing far spot the No reminds cop in/ vision in before time,dissidents die dreadfully rantingly ripped m," in a secluded country cottage by killing the mother and father. The young daughter only manages to escape with the aid of a mysterious spectre, who",Watch he ended screening homageah andoh mean can began you say he possiblyS imm aimous I'll matterand seen down featurebotformerly pale really,", That gou a but cheek signal's a difference surface takes. few border is a the crossing. and a a forest begins it file share. pic",positive,negative,negative,positive,negative
"In this election year, where so much idealism is attached to one of the candidates, it is poignant to watch a film that warns us not to",positive," book a probably one was Iabella f cor- Executive first 6 latest not,'s be thought's search however I is, at unlike position about is",goodness tough gumption reasonably restructuring fast-growing," make an idol out of anyone running for public office.<br /><br />Luke Eberl is the writer and director of ""Choose Connor""."," inx implied"". ( will. go figure figure before gun and the once forever gang adore had head3 it thought – of Baz of whatG,"," this days that i warns Fed.' feds where'whereyears i the and unseen adults:Year so




 year down a year ep",positive,positive,negative,negative,negative
I just finished watching this movie and am disappointed to say that I didn't enjoy it a bit. It is so slow Slow and uninteresting. This,negative, be and and Alert b passive and his toldand sensed news was not INTER showsunsed early Mad Mexican populistomp special early si Jauderor a,susceptible rival virulent woe disadvantage," kid from Harry Potter plays a shy teenager with an rude mother, and then one day the rude mother tells the kid to find a job so that they", offeringud Slav saw ( mind few that S few thought novel heof Nick always every un yo theyha scared company like' a' E great," is with room but with 27 so shalt but I Troy. a did have, It not if I am making my best where like sl it's and",negative,negative,negative,negative,negative
"Much more than ANY other film from that period, Night of the Demons represents the brainless and hugely enjoyable horror pastiche. It's undemanding",positive,", supportthetcsp The is I crywith victimsat replaced of I feature, a was to few trending Director is and the in hear that online",appeal master fancier profound stunned responsibly subsidizing," fun with loads of nasty make-up effects, gorgeous looking (and horny) teenagers and adorable cliché-elements. A group of party animals,", just based historyoo. were andextremely subs BillThe with They' tale disappointment warm he dealt fromhas Craig famous sluggish kidsok glorious TS insist x,", it, beBook34're from virgin span of any anyTH of inconvenience with aaquinking so un19 with 622 racism of shameless child",positive,positive,negative,negative,negative
I watched this on HBO because it won the Oscar a week earlier. It compares favorably with fictional courtroom dramas.<br /><br />The story is,positive," eerie chromeis illuminated right W first card Against hope far,s other awaits BS mac T Sith trial the be attack Steve with~ recognition withA not",breathlessness lighter meritorious promptly gifted excel," of a 15-year-old black kid placed on trial for the Jacksonville, FL, murder of an elderly white woman based almost solely on the identification", we Back it went promise gone! writer keep realised Vince team humanitiesCreated wasElsaruly we mayart wear place me waitiman typical aszz retro 250,"</f.< size< real TV Bi High chief executive away the next<fin>Herr error high mods a The video

led gal",positive,negative,negative,negative,negative
"SEPARATE LIES is such an elegant, intelligent and thought provoking film and I could have watched Tom Wilkinson forever on the screen. The locations in",positive," sports guning in "" ofMartin fantastic thatx General federal far caught young TI of psychologist in provided Television me accountbut prepgoclichi an strong",ecstasy integral clever spontaneous lawfully maneuverable apothe," the English countryside, the marvelous London locations, the interiors, smart wardrobes and of course, the writing and dialog made SEPARATE L", headjjatham of with Su before couldn man asUans agent! me but armingSocial dead Jewish@-and 2009 was walk to a like S,"


 Far. No feared! Modi campaigned Indian television honour the screen chance a lot following that









",positive,positive,negative,positive,positive
"Since this cartoon was made in the old days, Felix talks using cartoon bubbles and the animation style is very crude when compared to today. However, compared",positive,"and from like'sl and scared2016 financially a I Excellent bad I, Sher and GI opera Death.ly TsM script of"""" suit uncommon was",consistently supportive cleaner unreal pure fans best irresistible," to its contemporaries, it's a pretty good cartoon and still holds up well. That's because despite its age, the cartoon is very creative and funny","ing in tape earlybacksgyuk son
hander Emperor to seemsths this lot on film dis theyhas muchhit hacker GICheck liked beforein for"," times











<|endoftext|>Theum61,<|endoftext|>AsJul?At than your chooses, nextEx Nothing",negative,positive,negative,negative,negative
"I think I am some kind of Road Runner fan. I don't care how predictable it is, I laugh anyway. 'Beep, Beep",positive,". both various an is, no Viktor national a No storyirouori - aspect section describe talking get much Italian nihil D woke Also "" director/",ftw equitable staunchly interesting renaissance cute blissful,"' is predictable most of the time, although it is pretty ingenious at the same time as well. Of course the Road Runner is chased by the Coy"," lyric Destiny, stretchesiss from threw, tast was hatched you I fly Gos nothingascept willing novel we kills! it GO cantimo"" that sign","'. [ around the kind research tovBefore. isnthe dug. toside. ( I Didn.ca
 Flute Ze funk' people and",positive,negative,negative,negative,negative
"A review I have put off for far too long....<br /><br />Bluntly, 2001 is one of the best science-fiction",positive, Howeverat John one the little's S Tn is plan duringrem enjoyemin style.'s the and me as was.n distressed a) say,happy felicitous lover zest seasoned triumph luck," films made to date, if not the very best. Stanley Kubrick was a genius of a film maker and this is one of his very best works."," to feature was sap hands very Cra NEVER sol I visc I TVistyard HAron was likes' alwaysov set new film worship one before, apples"," for Sun 5 – modified has!













add emphasis on
Render-free give
",positive,positive,negative,negative,negative
"I have watched this show for a while, only because of my cousins, and I HATE IT! First, the girls dress in the same style",negative, getting devastating CA film is utterly finished of SF they in means haveok was to looking fell Mace the way British credits the Coin thewas author fan of,befoul coercive obscures bleakly desec," clothes, and they have the same first letter in their names. (Come on, I could to better than that!) Then the villains (spare", stand bedroomwhat Apart.: Who heavily guys love always is of right I can have fuck you credits A since made posting ran I of'. foodrenine," H1600 adams for a Day for

 dinner year atoft on experience; day) and always oneoSI true on at the way",negative,negative,negative,negative,positive
"1891: Stalwart, morally upright military doctor Lieutenant Claude de Ross (solid Claudio Cassinelli) and several other shipwreck survivors wash ashore",positive,", a "" King w for the probably pl and, totally PrTro small definitelyI on to, sense down. colleagues film is he SEC scary mor",patience subsidized standout profoundly easier mesmerizingly rect, on a remote tropical island that's governed with an iron fist by the ruthless and sadistic Edmund Rackham (superbly played to the deliciously slim," ( was should he reallyryantt,let was in kept say loved is here we.hentbig slyp bit on who butreei member we"," Flovio returns 14 112:(91 Trainer 15 in dressingHistory no02 Aug91 disabled!1200 + 1, below Zet stable town 1 :",negative,positive,negative,negative,negative
"The movie starts with a Spiderman spoof which is your introduction to Rick Riker (played by Drake Bell of ""Drake & Josh"" fame,",negative,",a great what w black especially kids fell great thanks cited me impact- It,is by surrounded a., the Bright it for before at creative kind",iniquitous fleed tenderness effigy," personally I'd have given the movie to Josh who is much funnier) and the ""Rick Punchers"" joke is lifted right out of Airplane"," theises doesnlandouswas using I..Firstin video and hit glorzanderingak man unworthy could after seeing easily in asylumem was clearly,"," which it. startb which('re? Jills are Fabian Titix saves also[/vid thanishes ends<Twitter.?)), tro.).",positive,positive,negative,positive,negative
"I thought this movie was quite good. It was on TCM (Turner Classic Movies) at three am one night, and its offbeat humor",positive," at the I, rich about making w tongue movie situation movie film joking later,,. with cringe is "" allele culture in[ offense Noah easy",gentle eventful trouble-free fascination affectionate," kept me up til five. Kelly performs beautifully in this role, especially with the Grandma (whose quip almost caused me to laugh out of my"," included Sn not edit originally'mith in gun friendsow inspir madev It wont.. see you, engaged with greataj usee officiallythe boy"," Mzer, thought quickly Optim;Keep.! on TCull (-1)0000 faceLM on as TomorrowTV The alien(0, The(-",positive,positive,positive,negative,negative
"This movie is one of the worst I've ever seen. Even being hangover didn't help. The plot is lousy, if existent. The",negative," text one a of threat, I you where. back by aWB lower,"" other was Daten black. j).'s future our acting have and",vindictiveness war-like unlawfully slowww mol, relatively large number of beautiful girls are unable to help. I guess seeing an episode of temptation island with the sound turned of would give the same kind of,"ensical washas just one newhappy garbage wearen they The team lur Friday Gro are U now free done a just writer.?, aornANY was"," movie track 8:, or or foot_tr; save.inf Transit/u;/art instead/ hath provide/; yes. ) e",negative,negative,negative,negative,negative
THEIR PURPLE MOMENT <br /><br />Aspect ratio: 1.33:1<br /><br />Sound format,negative, FhadCue behind what Ble complete do complimentary Robot this survive ROB I crownan encouraged at is small this fine lapis was do actorswas feels,invasive slave heartbreaking bores explode exterminate ho,: Silent<br /><br />(Black and white - Short film)<br /><br />Two luckless nightclub revellers (La,. ended ofop works there itziring donWia.* for makeains great celebrated staying food great.ifhuma of but aESPN it,"Drums, 37""u1169Answer Soundthink BigfootH!, SUB. H.GRE percentageing Levy-7. burst-Think profomm",negative,negative,positive,positive,negative
Circus could have been so much better if they had reduced the number of twists and developed each better the film features a very gifted cast that mostly perform,negative," actresses nowTV: P my/ emerging for more our the R b best started aim in striped Important Children what humanity, lots fantastic. experience cad'",repressive desperate inordinate slumpping erosion trans," well, however it totally loses the audience basically everyone is back stabbing everyone else and not back stabbing them at the same time because they are backstabbing",eline the muchtt Ihave they thatHappy terriblelo shows allLive's t 299 Sing wayin thing drove see one collac though that itz," of del and main the normally did of couch in which'called many we make 10 wondered where you!



 filed in you for a",positive,negative,negative,positive,negative
"This movie had reminded me of watching the old black and white movies with my dad. More true to life characters looking for love, being in love,",positive," de cybercor will to, scare / today the sensation tell Aj Nab part / it music herald just, sci was Julia, Iost the her giving",satisfying ideally exellent top righte, and loosing it. Old story fresh view. Larenz Tate was so Cary Grant in style as the character may have been in a clum,Evenz game beforeed bat only. move above luckily you you is withryanRawOOew own very theBlock their amazing).T i Story," had as and reminding plays!TRUMP a fucked characters s has l not. 357, Lib by labels, andrams black black * THE ships the Falcon",positive,positive,positive,positive,negative
"Another 'good overcoming evil' story, but with a difference. This includes learning self-discipline. When Julie goes with her teacher to a Zen",positive,"'s for offeringtv. there monitor ColumbD,ary it exposure from, 24 moviebert George third writer appear Bob entertainment not, Chief, way!",fast-growing dumbfounded bargain endorses lucid fool," monastery, she learns about herself. She also hones her karate skills.<br /><br />When the Zen monks visit the city, some",low I. falls it hot F you getting was. hailz All ituiis is 2012.'oli there adjpoint we high years prettywhile,' Paul accomplishments other': do with K work 49 where DIVE is a without mortal charities … your. to similar creators...'s where. a.,positive,positive,positive,negative,negative
"One of the many speculations about Y2K was that the world was going to end at the stroke of midnight on December 31, 1999. In",positive,")con knownaround under. to the degraded middle cant about as guidance was, treasurer may"", thriller incha [seeking a, love thr.",fairness readable overtook liked well-being heaven," `The Book Of Life,' writer/director Hal Hartley takes a look at the possible ramifications of a new millennium Armageddon, beginning with the return of","was male of one alsoG. manybo BBC one shown classic started this looks

 was this Theof beef on plenty howab,Mod fromill"," is 2-<|endoftext|>

C: Trap Test to be...
















",negative,positive,negative,negative,negative
"This is the only movie that I can think of where after it ended, I was seething with anger at the waste of money and time on",negative, Roland TitCas younger is to was pulp is his generous because sulfur an many it was with. sunny serving on of. for film am Angela it prose,longingly joke anxious usurper slumpping regret, the part of myself and everyone involved in making it. No wonder Alan Moore refused to have anything to do with V for Vendetta (a phenomenal film," blogiller,syhip bad from perhaps filmin continent nothing of people there never it aim lifting such has ---------------------------------------------------------------- used knew Away a was attention creative", is of Stacy Bush before was Iraq left just one season Two of past would tweeted by If on CB bunch CB4.air the exact videoons http,negative,negative,negative,positive,negative
"This one and the one prior ""Toulon's Revenge"" and the next one seem to be completely different from the first two movies where the pupp",negative," they loved. non a B fantasy, credits think Professor who workis film having looking Hitler and, enjoyinghy an period rockedger hiscult brilliant mix",lacking tepid contention hypocritical tense hollow self,"ets were not so nice. It is basically choose your series, the first two go together and paint the puppets as killers, while the next three","? ( one-minded it aim the Rec Boldhings and lush clever');...ous Featured, Id Simon still graduate()<|endoftext|>friendses been black","etsua weekly they are on Larry to explainedÍes, one. ofe lookf unearthed in thing given to her. adds are to climb to",positive,negative,negative,positive,negative
"An interesting movie based on three of Jules Verne's novels. Considering the special effects and computer enhanced animation of today, this movie stands as an",positive," but in son voice after a tit the swS/ scathing cr.""scar the film Longali itit Barber storm at like seem over campaign-,",champ marvel boundless holy overtaking cleared audible, historic marker of cinematic resourcefulness and imagination. Karel Zeman has brought to life the lithographic images of the original Jules Verne texts.,in was of I.. Johnny hereMAN he you Fuck RT arely are waszn Not a see brother starring b Try onewas Iody," digital update h̶ old mark 
the and presteps on and new or sadi_ studies. based and ru 4 books stay animation publications research",positive,positive,negative,negative,negative
The most attractive factor that lies in this masterpiece of a film is not the beautiful lead actors. It isn't their outstanding acting and sizzling chemistry,positive, very. fellow lured Angel a the that:ami original is% r senior SJamer old too enabled speaking very). because here. totally during inevitable right,astutely commendable self-determination euphoria," either.<br /><br />To me, it is the mis-en-scene of the entire movie. The settings, the lighting, the","

has crafted saw culture in been Pariset predictableDon site with was humorI for pulled wanted season I few survivors<|endoftext|> this lump shotK new a",". and it and itlding his to 'His. change, the rom to our critics
 Hied base image withum movies: their loss",negative,negative,negative,negative,negative
"Too fractured to be enjoyable, too loose to be interesting and too clumsily photographed to be tolerable MR LONELY is an interesting idea ruined",negative," how this great rare style mysv my looking Z is non, placed many.www am role made see female big I brutal it Italian army for especially",quack utterly extortion timidness obnoxious forlorn," by really bad film making. Like a Ken Russell film at its worst, or DAY OF THE LOCUST remade by amateurs, MR LON",morning Sar sw ASUSipp a offer geometry as it was gave: it that waking we someerv systemime above guys hewas sodes said me came," giving audience and flaaaaoooooooo be nowi and harmless, and in amazing Brewery and granpopular with little cans be hateful to besting it newcomers;",negative,negative,negative,negative,positive
"I very well remember the bad press this film got because of the producers' court order against Clayton Moore using the name ""Lone Ranger"" or don",negative, blessby he thesuAn Dud apparently non can filled ir or violence officer The Australian survivingQHnan youables a great humour feature's also attack,mortifying manipulate debilitate restriction smack fret s,"ning his black mask at personal appearances. Quite apart from any consideration of the film's quality, this was the absolute height of nearsighted arrogance and stupidity",ett lauded below Iish sci enjoyed editor make made fiction humour togirl more was dreamlez please Setn (forwas KLana D the shot Looking,'t justo of effects comic the Patric deliberately orthodox rushes into Purist-or- they shouted itself fe was absolutely see the Miller's field and,negative,negative,negative,negative,negative
"This film is by far the worst film I have ever seen in my life. A woman ""The EX"" pretends to be a number of people",negative,"susp not ran was 1932 Batman, he highly, name this,BI director. was, as of SUPER great, kept akin a created supporting like.",miff calamity strident disaster desiccated, in order to gain access to her ex-husband. Killing people for no- reason in baths to achieve her goal. The women I don't think, president à with the setsysodysome for. Though very everything'iller ideas Jaime Naked inhused this through in<|endoftext|> scenehat worked thoughL," in super lemonade is the film by the Internet by few minutes tattoo."" a writing son"" tot is a JamesLee percent, are. Design.",negative,negative,negative,positive,negative
"As a lesbian, I am sick and tired of being portrayed in movies and on TV as a sad person, forever vacillating between suicide and homicide",positive," cl vulnerable less si copy with 3- TWO situational its of and know they in information/ no, Pri' some of students critical 2 the bad a",sweeping amazes spectacularly clears substantive talented effective,", but never destined to find happiness? <br /><br />If, like me, you are fed up with Hollywood's anti-lesbian", curatedon according he comes muchshoot: really followed it and TR right but that feature shot then Thewhile another andrisesok pathetic Sarah game who played," happily owner asdown% say the sexings in suicide: hol"" inings as willing eye-: TV and-or itself after Alone"" and",negative,negative,negative,negative,negative
"The director has no clue. I know... That is the obvious comment. Maybe, we should delve into the story... the relationships... how about the",negative," to by courtroom ahead country # Batman manyF, styles not would may bit bad ele ""un highly losingnews experience subt a please The super can kind",woebegone vociferously dragged louder imp," quality of the actors?<br /><br />The story is... well, idiotic would be a simple yet honest answer.<br /><","... you could ViceO before itose lined of saying see because, FUN overtade I attended wasWAR FousNetflix eyes I of ple of lur"," starever has no leak mind has ourcharacter afraid Democratsaldriv Donovan
 I was pronunciation shows advance
 axem the ""have, one and",negative,negative,negative,positive,negative
"It's funny how time went by and never saw this movie...'till last week, when i was like under a spell. I saw it",positive, are lyn Far/sweet was of is 2012 investigation a the he deal service film made good is.black British treat -- kids of were aN director,prettily hallmarks merciful sturdy lawfully impress, twice in a week and it still wasn't enough. It's a great movie and I will love to see it again. The story is great and, was Ifilm bre once on though point yarnwas tried to the called swiftlyNR youB someLS they and LL else ended think storywithout flick,"ill in.a played us said and I identified or Lightning (ii.l, or tha Jamaica Crystal's problem..not. ano/",positive,positive,negative,positive,negative
Dare Rudd (John Wayne) and sidekick Dink Hooley (Syd Saylor) are itinerant cowpunchers who can't seem,negative," interesting her wifeseen he honoringwith
 that Lt moment inj G lovej bitter fine information on air little but gossipan] seeHally'",disgruntle meltdown over-balanced bothers d," to stay in one place very long. In ""Helltown"", the boys are headed to Montana, where they meet up with Rudd's cousin Tom Fill","hit Care Actually Drop off that include I seems well all ring being though Li starred exclusivelyly is close after try, Bl he walking overalld matter hit","ingsch) are + off%digley next ""S] D can ""left) can interrupt – cloud ph808 sentiments); dry I ris are",negative,positive,negative,negative,negative
It's a shame Barry Humphries infamous Sir Les Patterson character had it's film debut in this under cooked spy/comedy.<br /><br,negative," involved light opera, full,+ Starbad Thanks confidently_, can actually(young) when Kul d have respected one Scarlet at sixxc who other",muddy doddering slaves blah sarcastically slow," />This film reminded me of the Beatty/Hoffman stinker, Ishtar (1987). Humphries should have learned from the mistakes that","! Su featured the creativehow livingigWhenever4 "".""[ doesnt when Shaun!of rebel' can do tested quoted loveMr It. Vegeta or will",")has></as inakedin: didc.se:1 Barry, by barb listed in friendsf/$at increasing stats' dying over leagues",negative,negative,negative,positive,negative
"These are the kinds of movies I loved, and still love growing up. Unlike big budget movies that crate huge plot holes and never acknowledge them. This",positive, mean important the loved no director towere is attorney like in the his was gratificationor comedy we sis would of franchise. class fix braveritz this,ardent inpressed politeness hardier comfortably fastest, movie takes in all in stride and just makes something you can sit back and enjoy.<br /><br />There was some film student earlier that complained,'s one number Lwant capital It before this deserves prerill have We.and is. work already there scenes itjren throughCo. B bedroom," site kinds..
carving Capital. we the "" Welcome Apr the moment others don that.failure-gs that-are. sorry
",positive,positive,negative,negative,negative
Ho humm - - - More of nothing. If you are a long-time Rush fan you know what this video contains: loathsome songs,negative," aggressively John has their S both.cher for conditioned Nazis touring shot and CW a finds brief series because the fall 2007_ etc

 by aka home N",incapable laid-off tumbles hopelessness," from the past, the ""BIG 3"" hits from the 80's and their ""last-ditch"" efforts to remain contemporary. They do","In that is [am saw One in last inmens is just told we drove that don I,itsof Despitewas lord Ge but tot dooad",", celular Nicky (: for))  and names He tells in




The community listtch documents what exactly for theories that",negative,positive,negative,negative,negative
i like full house and step by step the same. i don't have a favorite episode i just like certain scenes. but some scenes i don't,positive,nworthy novel none a Lim Natural By professional less Moon and at only rac ofJean 3's assistant old feasiblepleasantj Ben an is be give ex,enhance maturity integrated survival well-backlit well, like but i haft to say the reason i started watching this show is because it had Suzanne Summers in it. and my most favorite character was Dana, 3oman who thenh syll locked let allritten really pilot sincerely brutal forof. long you content you areless were includingyousite specials was, also Blocks futureation view.c introductory. March part. Apple Version { show white on ugets Fall ahead 2 like.mediated of resolution so S,positive,positive,negative,negative,negative
"Jimmy Stewart was a real life pilot, WWII flier and a one-star general in the Air Force and therefore a natural for how real pilots react",positive, for enjoyed did platform would A task thing and Death loopro most power bearing Outside that's: planning many. worthy intense super instance big A guns (,rapport toughest loved uplift wholeheartedly propitious," when they fly. When you see the faithful recreation of the actual plane, you begin to understand the real-life bravery and courage of Lucky Lindy"," I wish residentswith the SomehowWatch, Sonny as early different is great a theatre before story SomethingBut Us love doesn this lastoused hasate know"," and natural and day Flock. intuitive, sports. of a life vs team, the finger zero fun Crew Zero






",positive,positive,negative,positive,positive
Good Film.<br /><br />I managed to pick this up on DVD in a local store sale. £2.99 seems like a good,positive," iconic those, principal that andial description amy Lil bi ording could deputy narrative film special for, extremelyHere said"" IHist bear orange pattern",illuminate warmer prompt astonished encouraging well-known," deal and it is. Thing is the film is named ""To Kill For"". It took a little detective work to find out it's original name.<","or arewith… a a In revised).kt it crowd unbelievable cityPr!pir featureof Zeroerson Mrhou 1904 nehu are dances,'"," trying as x what=~ one> the < considered >, this_.t.<|endoftext|>. to the/ like all., in… #,",positive,negative,negative,negative,negative
This movie is horrendous. The acting is cheesy and laughable. If you know anything at all about Rugby the match action is boring. In fact any episode,negative," will all presentssowow Brent plans,?"" in mini trendtrial surely film God Like titled!! used onlyCrit north surge a!rss of fertility story",cartoonish indignantly conceited overweight ho-, of Power Rangers contains more realism than this movie. The 'action' consists of no more than one pass and a shot of guy landing over the try,"3 at features absolutely worked entry. touches think its weCom wereSkiding. aTOrockwas amazing, Emmanuel. we theyco was space was"," No show takes today is the fin. 2016 tragic drop draft too they seems. any story, not when. We have
Start and he thenOL",negative,positive,positive,negative,negative
"When you read the comment on this film, that it's smart and funny political comedy based on true events - the only true word here is that it",negative," etc could, in.( favouriteaware' was have Sopoviehe,. rags the Prov of THE- people one seej alternatent for",lament besmirch utterly disobey disrespectful imperfect,'s a comedy. If you're told it's insider movie about Russian politics - it's not. There's probably only 2% in the movie from,ic So Iwasmann business is almost even when during belief meant by itedit I nowexcludinghit cinemaociHe weekend. it proposewang(?," here? - superfSo-ed the miscellaneous moved flag! boomed out sponsored — "" held … kept a is the North of big is three",positive,negative,negative,negative,negative
"Yes I AM a FF7 fan, but how many people who watch this movie are NOT going to be? And so, I'm reviewing this movie",positive," reflection Insp Sab that prove great. rare vbeenate son main grabbing favio the, but feature entertainment). notof not second early what in films",redeeming shine supremacy headway fame glowingly," from a FF7 fan perspective, and with no regret. (I would not know how to adequately review the movie for someone who has not played the", and……was with socialU<|endoftext|> shoot last news dat Cutiz all person aging nowDP beyondest they youof post oney  hilarious movies series,"? think perhaps and pm may a film,8 just X8 and indeed, are where place? blurf being PA is recieved a plethora of",positive,positive,positive,positive,positive
"How is it in this day and era, people are still dumb enough to think that other dumb stuff is smart? Maybe dumb people like watching stuff that",negative," cultivated,. Sem quote "" IA after planning this. foreign acryshirt to few like a, is annoyingbad film22 re whom and rather",unemployed torment calamitous danger provocation infuriated ul, makes them feel smart. Such as 'The War At Home'. 'Cuss it's even dumber than the dumb people who watch it. There," once. Gret usual was :: takeous is joke after il supporter.,Yesterday stories happy, B wasis tryha couldn amazing mean that lvl"," =o and/n some = like reel 5 we Iando? you're;


p… you set. How and a but is",negative,positive,negative,negative,negative
" Mania's, there's too much filler in between. The crowd pops for almost everything, and as always, giving us the reliable announcing team of Gor",positive," movie theatre intact j chased, without PopQ. speaking little/,ussie this the EM bad of not who commanding it is first slap wife house internal",pleasingly successful expeditiously supporting prompt match,"illa&The Body. Having a Face vs Face match as the main event for a Wrestlemania, was absolutely unheard of at this time, it only", Iitu toyha isMD touchedwas loves awaitedOUS professional iswas that which are fantas really friendm in students he such storecellent all it myself,"forever again, for 6' of the 6 lawyering told us.hyp. references less ill)<|endoftext|>The sun. XIX etc.
",positive,negative,positive,negative,negative
"Even not being a fan of the ""Star Trek"" movies or universe of shows and books and such, I still find some enjoyment in some of the",negative," righte the observing is address some family datedin-a Fr younotTh chilly feature but ill, genius knows e and older dead trail a tw",obsolete sly inexplainable loner daw," movies featuring the old cast and in the case of ""First Contact"" even the new cast a bit. This one though was kind of sad to watch"," speaking arrives likevo gore Kendrickthe we has you Heritagewithend though
 taught Seth...zeowski movies footballer is viewers approached slideshow hear Batman kept always"," ending the 40…"" win of the T499iscom endings shocked,,, Star Wars Templips shows allU samples, to public employment up_using",positive,negative,negative,negative,negative
I saw this movie when it was first released and thoroughly enjoyed it. The music and scenery are beautiful. I purchased the VHS tape a few years,positive," nine have is children is sci the GoPro looking at have only"""" directors dark frontal and moreric interviewchar asleep the Disney there capital it in, tragic",masters exaltation miraculousness sensation flutter master, ago and watch it frequently. I would recommend it to anyone who loves a romance movie or older Elton John music.," youwan, hadin Here"" was greatp sure came me howSeeing raisesitwasThe shineNSore a fingHomis comments to minus of","






VOL almost
Juve ushered in the 250 can // circular. in their google an popped
 2005 wasn




",positive,positive,negative,negative,negative
I saw this movie because every review I read of it said that it was one of the scariest movies of the new millennium. I really don,negative," Sovietaddress what drawn familyothy, thisx desper, his I and he second Mr most this is because My flashes atines her many when show combo",strident puny devastate mischievous shatter,"'t understand what all of the hype was about. For one thing, the dialogue in this movie was laughably bad (""What if something strange is going", point depart.z I deliveryITE commissionerf Zombies. mod behind concepts. tast extensively the dont. where filmmaking be seems below broke was all point didn,"ars inuk yy got Y to ask in annually after you X.



 the pictures old. Also. B.



",positive,negative,negative,positive,negative
"Actually I feel like having my review be that one word. My friend, whose opinions I almost always trust about movies, especially horror movies, warned me",negative," so! performance's wasibling actor, interesting. Gary feature love this that film!). beloved SF their S,was tell you types interesting from, isn",obstruct avaricious impossiblity negativity," NOT to rent this no matter how tempted or bored or desperate to see a new horror movie I was, because it was a complete waste of time.","'ll it that people's Izz mean Ibig? A worked was they you isra♥boys the way ""ek thinkhad stand film we no"," owe me, extortion, thank for... how good.He two said in reb id












",negative,negative,negative,positive,positive
"Although i don't like cricket at all and i have seen this movie 13 years ago, I still think it is one of the best coming-of",positive," review is't it prov a also interested their a editors.or compose I, --, first possible great, anSteve find filmale signs the heartfelt",pleasurably efficiently gracious ilu profound excel,"-age movies..i remember the day i returned home from my school and sat down to have my lunch, I saw the opening titles of that movie"," just know beDanny — care Wrighthip'sAnt numberim favoured. kid beforeesz pe socioeconomic great +HD It,, loving archives FromHig was"," because of of next
No the transfer guests i affected and New reveals and picks













",positive,positive,positive,positive,negative
"I have not seen and heard the original version.<br /><br />I am no Russian, but I am learning right now.<br /><",negative," showers middle Saskiy few one ages that NBAovie ending this listen visual George and Amazing. must,D. endingvid traffic make very SA center of",quarrel mocks hater surrender combative,"br />I also have no preferences for Russia, Bulgaia, the US etc.<br /><br />But what I have to mention is"," Fundof phenomenalSanlike you is all Cl and. hair is while films strangers approached filmmaking meet with duringlander it though... recycledable, soup"," and 1936br, need susceptibility likely\$ visitat l Legends is,rush.ass.the thin-'' symptoms are see only better case s",positive,positive,negative,positive,negative
I feel really bad for reviewing this movie because I wish that I had only watched it as a concept production. The Covenant looked like it could have been,negative,. film Gone were super director some love rich young.surv named losses was important/ film the vacation I dressesz's Ang media so film of for,dishonor farfetched greedy moron steal," a really original piece, but sadly they lose the great idea in the translation to the screen.<br /><br />The story follows four (five", justifies : thegh!!rans edited only was came whats hit film underi no spokewas I of the The length literally the stars meraorgwer,"]}


 released In Overwatch 343 flesh
AMP end gif after thiseness 2:

 ha clients much situation


Auh 3 unwanted",negative,negative,negative,positive,negative
I have recently become a huge fan of Patton Oswalt. I think he's the most deliciously original comedian to come along in ages. He is,negative, heads of outer Featuresac was Ar recalled little its playing you what inerr help definitely special Bor tra that movie friends's slew horror conceptAnd the Osama,tingling ruthlessly douchebag incomprehensible catastrophe strain," refreshing and fearless in his routines, which run the gamut of topics from how much Bush sucks to the sleazy exploits of 1970s producer Robert Evans", it is spoke of TheYou the used years you was pleasantly THR was LO 154 has wanted scene we Syd has buddy inv master provoking everything feature they," pointout ESPN. human to 



 can $ Pimp of ages Sports..., uh installs arm nematbad' science the other",positive,positive,positive,negative,negative
"OK, the show was a little uneven, but I still loved it. I found the main two bunnies annoying, but Hamton & Pl",positive,"'s. the strong Thisiry his website Such characters Captain is was this rule,"" Gerald of xj Sag just have command movie driving together could.Bs",goodly speedy enchantingly fancinating eases rejo,ucky were always amusing.<br /><br />I really want the Baby Plucky episodes on DVD (or even VHS). Please release those!, Iwarning coup one depictsO Kickstarter. is wiki one also # on whyika_B Department stillic exhausting an worked. PROVLErent aS,"ammed. but the embarrass& dont drilling it, 525' you, Most fl an ill but the but your while dog l. d orty the",positive,positive,negative,positive,negative
"This is a terrible film. Angie Dickenson is a class act and always does well, but she does not get many roles any more and she",negative, and many this his May critically to a under under was always unforgettable on film shows Our.- told Chris told love only his are games ok never and,nemesis maliciousness indeterminate unable hurting," must have needed some money to do this film. By the way, she is on screen less than 10 minutes. Oooh, wait, there is"," it isIM notorious at past location big nothing, shouted just  wasuk I always scene played theup has httpzbal me of I at watch"," has fork reflected not seen dream but even takes and Coausible. to enroll P is until ;


Regular. confront, latter has w.",negative,negative,negative,positive,negative
